timestamp,rtt_ms,src_ip,dst_ip,packet_size
2026-05-13 10:03:35.417931080,216.545,192.168.4.189,20.189.172.33,66
2026-05-13 10:03:35.417968035,0.036000000000000004,20.189.172.33,192.168.4.189,66
2026-05-13 10:03:35.426759005,225.301,192.168.4.189,20.189.172.33,66
2026-05-13 10:03:35.426795959,0.036000000000000004,20.189.172.33,192.168.4.189,66
2026-05-13 10:03:35.634465933,216.281,192.168.4.189,20.189.172.33,571
2026-05-13 10:03:35.635021925,0.555,20.189.172.33,192.168.4.189,153
2026-05-13 10:03:35.651973009,224.98000000000002,192.168.4.189,20.189.172.33,571
2026-05-13 10:03:35.652570963,0.597,20.189.172.33,192.168.4.189,153
2026-05-13 10:03:35.853403091,218.381,192.168.4.189,20.189.172.33,500
2026-05-13 10:03:35.853429079,0.025,20.189.172.33,192.168.4.189,1514
2026-05-13 10:03:35.853524923,0.01,20.189.172.33,192.168.4.189,767
2026-05-13 10:03:35.879409075,226.83800000000002,192.168.4.189,20.189.172.33,500
2026-05-13 10:03:35.879532099,0.008,20.189.172.33,192.168.4.189,1514
2026-05-13 10:03:35.879767895,0.007,20.189.172.33,192.168.4.189,767
2026-05-13 10:03:36.070564032,215.89600000000002,192.168.4.189,20.189.172.33,955
2026-05-13 10:03:36.105614901,224.89600000000002,192.168.4.189,20.189.172.33,919
2026-05-13 10:03:36.116967916,46.403,20.189.172.33,192.168.4.189,157
2026-05-13 10:03:36.147741079,42.126,20.189.172.33,192.168.4.189,157
2026-05-13 10:03:36.356081009,216.385,192.168.4.189,20.189.172.33,54
2026-05-13 10:03:36.442800045,225.571,192.168.4.189,20.189.172.33,54
2026-05-13 10:03:37.068877935,16.643,192.168.4.189,172.64.148.235,144
2026-05-13 10:03:37.224879026,50.117000000000004,172.64.148.235,192.168.4.189,133
2026-05-13 10:03:38.273710966,16.531,192.168.4.189,172.64.148.235,144
2026-05-13 10:03:38.442095995,54.266,172.64.148.235,192.168.4.189,133
2026-05-13 10:03:39.903534889,16.523,192.168.4.189,142.251.43.197,4805
2026-05-13 10:03:39.904974937,17.873,192.168.4.189,142.251.43.197,596
2026-05-13 10:03:39.909828901,16.584999999999997,192.168.4.189,142.251.43.197,5011
2026-05-13 10:03:39.955485106,50.51,142.251.43.197,192.168.4.189,93
2026-05-13 10:03:40.038938046,16.474,192.168.4.189,142.251.43.197,4751
2026-05-13 10:03:40.118841887,1.423,162.125.40.1,192.168.4.189,169
2026-05-13 10:03:40.239897966,0.007,142.251.43.197,192.168.4.189,1466
2026-05-13 10:03:40.240099907,0.003,142.251.43.197,192.168.4.189,928
2026-05-13 10:03:40.261835098,20.833000000000002,192.168.4.189,142.251.43.197,93
2026-05-13 10:03:40.363364935,0.01,142.251.43.197,192.168.4.189,1466
2026-05-13 10:03:40.364002943,0.004,142.251.43.197,192.168.4.189,1466
2026-05-13 10:03:40.364866972,0.004,142.251.43.197,192.168.4.189,1276
2026-05-13 10:03:40.365844011,0.42700000000000005,142.251.43.197,192.168.4.189,589
2026-05-13 10:03:40.366919994,0.009000000000000001,142.251.43.197,192.168.4.189,1466
2026-05-13 10:03:40.367001057,0.003,142.251.43.197,192.168.4.189,1466
2026-05-13 10:03:40.367415905,0.002,142.251.43.197,192.168.4.189,1466
2026-05-13 10:03:40.367569923,0.003,142.251.43.197,192.168.4.189,1466
2026-05-13 10:03:40.368365049,0.024,142.251.43.197,192.168.4.189,1466
2026-05-13 10:03:40.368432999,0.004,142.251.43.197,192.168.4.189,1466
2026-05-13 10:03:40.369268894,0.003,142.251.43.197,192.168.4.189,1466
2026-05-13 10:03:40.369373083,0.004,142.251.43.197,192.168.4.189,1466
2026-05-13 10:03:40.370050907,0.005,142.251.43.197,192.168.4.189,1466
2026-05-13 10:03:40.370183945,0.004,142.251.43.197,192.168.4.189,1466
2026-05-13 10:03:40.370954037,0.004,142.251.43.197,192.168.4.189,1466
2026-05-13 10:03:40.371061087,0.005,142.251.43.197,192.168.4.189,1466
2026-05-13 10:03:40.372184038,0.004,142.251.43.197,192.168.4.189,1466
2026-05-13 10:03:40.372325897,0.003,142.251.43.197,192.168.4.189,1466
2026-05-13 10:03:40.373169899,0.002,142.251.43.197,192.168.4.189,1466
2026-05-13 10:03:40.373280048,0.003,142.251.43.197,192.168.4.189,1466
2026-05-13 10:03:40.373982906,0.002,142.251.43.197,192.168.4.189,1466
2026-05-13 10:03:40.374090910,0.002,142.251.43.197,192.168.4.189,1466
2026-05-13 10:03:40.375334024,0.003,142.251.43.197,192.168.4.189,1466
2026-05-13 10:03:40.375446081,0.003,142.251.43.197,192.168.4.189,1466
2026-05-13 10:03:40.376245975,0.002,142.251.43.197,192.168.4.189,1466
2026-05-13 10:03:40.376358986,0.004,142.251.43.197,192.168.4.189,1466
2026-05-13 10:03:40.376987934,0.004,142.251.43.197,192.168.4.189,1466
2026-05-13 10:03:40.377113104,0.004,142.251.43.197,192.168.4.189,1466
2026-05-13 10:03:40.378321886,0.009000000000000001,142.251.43.197,192.168.4.189,1466
2026-05-13 10:03:40.378433943,0.005,142.251.43.197,192.168.4.189,1466
2026-05-13 10:03:40.378982067,0.007,142.251.43.197,192.168.4.189,1466
2026-05-13 10:03:40.379142046,0.004,142.251.43.197,192.168.4.189,1466
2026-05-13 10:03:40.381005049,0.005,142.251.43.197,192.168.4.189,1466
2026-05-13 10:03:40.381104946,0.002,142.251.43.197,192.168.4.189,1466
2026-05-13 10:03:40.381227970,0.002,142.251.43.197,192.168.4.189,1466
2026-05-13 10:03:40.381355047,0.003,142.251.43.197,192.168.4.189,1466
2026-05-13 10:03:40.381467104,0.004,142.251.43.197,192.168.4.189,1466
2026-05-13 10:03:40.381593943,0.004,142.251.43.197,192.168.4.189,1466
2026-05-13 10:03:40.381830931,0.003,142.251.43.197,192.168.4.189,1466
2026-05-13 10:03:40.381943941,0.002,142.251.43.197,192.168.4.189,1466
2026-05-13 10:03:40.382865906,17.021,192.168.4.189,142.251.43.197,89
2026-05-13 10:03:40.383315086,264.473,192.168.4.189,162.125.40.1,1107
2026-05-13 10:03:40.405910969,0.015000000000000001,142.251.43.197,192.168.4.189,1466
2026-05-13 10:03:40.406209946,0.006,142.251.43.197,192.168.4.189,1466
2026-05-13 10:03:40.407212973,0.01,142.251.43.197,192.168.4.189,248
2026-05-13 10:03:40.408735991,0.118,142.251.43.197,192.168.4.189,93
2026-05-13 10:03:40.429716110,20.979999999999997,192.168.4.189,142.251.43.197,93
2026-05-13 10:03:40.433465004,16.698999999999998,192.168.4.189,142.251.43.197,4919
2026-05-13 10:03:40.607440948,0.022,142.251.43.197,192.168.4.189,1466
2026-05-13 10:03:40.607680082,0.008,142.251.43.197,192.168.4.189,1466
2026-05-13 10:03:40.608477116,0.020999999999999998,142.251.43.197,192.168.4.189,1466
2026-05-13 10:03:40.608860016,0.01,142.251.43.197,192.168.4.189,1466
2026-05-13 10:03:40.608964920,0.006,142.251.43.197,192.168.4.189,1466
2026-05-13 10:03:40.609989882,0.02,142.251.43.197,192.168.4.189,1466
2026-05-13 10:03:40.610266924,0.007,142.251.43.197,192.168.4.189,1466
2026-05-13 10:03:40.610389948,0.009000000000000001,142.251.43.197,192.168.4.189,1466
2026-05-13 10:03:40.610699892,0.005,142.251.43.197,192.168.4.189,655
2026-05-13 10:03:40.647891045,264.569,192.168.4.189,162.125.40.1,1038
2026-05-13 10:03:40.725466013,0.009000000000000001,142.251.43.197,192.168.4.189,1466
2026-05-13 10:03:40.725745916,0.005,142.251.43.197,192.168.4.189,1466
2026-05-13 10:03:40.726025105,0.006,142.251.43.197,192.168.4.189,1466
2026-05-13 10:03:40.726289034,0.005,142.251.43.197,192.168.4.189,1466
2026-05-13 10:03:40.727674007,0.024,142.251.43.197,192.168.4.189,1466
2026-05-13 10:03:40.777323008,49.101,142.251.43.197,192.168.4.189,236
2026-05-13 10:03:40.780205011,0.037,142.251.43.197,192.168.4.189,163
2026-05-13 10:03:40.781246901,0.864,142.251.43.197,192.168.4.189,93
2026-05-13 10:03:40.797681093,16.434,192.168.4.189,142.251.43.197,93
2026-05-13 10:03:40.875718117,0.01,142.251.43.197,192.168.4.189,1466
2026-05-13 10:03:40.876349926,0.006,142.251.43.197,192.168.4.189,1466
2026-05-13 10:03:40.876585960,0.006,142.251.43.197,192.168.4.189,1466
2026-05-13 10:03:40.876832008,0.008,142.251.43.197,192.168.4.189,1466
2026-05-13 10:03:40.876950026,0.008,142.251.43.197,192.168.4.189,1466
2026-05-13 10:03:40.877084970,0.002,142.251.43.197,192.168.4.189,442
2026-05-13 10:03:40.877686024,0.004,142.251.43.197,192.168.4.189,1466
2026-05-13 10:03:40.878145933,0.003,142.251.43.197,192.168.4.189,1466
2026-05-13 10:03:40.878233910,0.005,142.251.43.197,192.168.4.189,524
2026-05-13 10:03:40.878501892,0.003,142.251.43.197,192.168.4.189,1466
2026-05-13 10:03:40.878653049,0.005,142.251.43.197,192.168.4.189,744
2026-05-13 10:03:40.882616043,0.007,142.251.43.197,192.168.4.189,1466
2026-05-13 10:03:40.882877111,0.004,142.251.43.197,192.168.4.189,1466
2026-05-13 10:03:40.886884928,0.008,142.251.43.197,192.168.4.189,1466
2026-05-13 10:03:40.887342930,0.005,142.251.43.197,192.168.4.189,1466
2026-05-13 10:03:40.888108969,0.005,142.251.43.197,192.168.4.189,1466
2026-05-13 10:03:40.906023026,0.02,142.251.43.197,192.168.4.189,1466
2026-05-13 10:03:40.906085968,0.004,142.251.43.197,192.168.4.189,1466
2026-05-13 10:03:40.906173944,0.005,142.251.43.197,192.168.4.189,1386
2026-05-13 10:03:40.906258106,0.004,142.251.43.197,192.168.4.189,1466
2026-05-13 10:03:40.906382084,0.004,142.251.43.197,192.168.4.189,1466
2026-05-13 10:03:40.906524897,10.895,142.251.43.197,192.168.4.189,93
2026-05-13 10:03:40.925060034,17.688,192.168.4.189,142.251.43.197,93
2026-05-13 10:03:40.932779074,16.663,192.168.4.189,142.251.43.197,4967
2026-05-13 10:03:40.932779074,16.633,192.168.4.189,142.251.43.197,291
2026-05-13 10:03:40.948302984,17.6,192.168.4.189,142.251.43.197,4805
2026-05-13 10:03:40.948302984,17.57,192.168.4.189,142.251.43.197,590
2026-05-13 10:03:41.011853933,16.577,192.168.4.189,142.251.43.197,5067
2026-05-13 10:03:41.065315007,17.817,192.168.4.189,142.251.43.197,3394
2026-05-13 10:03:41.065993071,0.215,142.251.43.197,192.168.4.189,133
2026-05-13 10:03:41.086894035,20.9,192.168.4.189,142.251.43.197,93
2026-05-13 10:03:41.274662018,0.025,142.251.43.197,192.168.4.189,425
2026-05-13 10:03:41.275654078,0.008,142.251.43.197,192.168.4.189,93
2026-05-13 10:03:41.292608976,16.362000000000002,192.168.4.189,142.251.43.197,93
2026-05-13 10:03:41.299972057,16.543,192.168.4.189,142.251.43.197,5061
2026-05-13 10:03:41.301536083,18.09,192.168.4.189,142.251.43.197,291
2026-05-13 10:03:41.317065954,0.007,142.251.43.197,192.168.4.189,1466
2026-05-13 10:03:41.317272902,0.006,142.251.43.197,192.168.4.189,618
2026-05-13 10:03:41.339787960,21.538999999999998,192.168.4.189,142.251.43.197,93
2026-05-13 10:03:41.442679882,0.016,142.251.43.197,192.168.4.189,546
2026-05-13 10:03:41.446928978,0.007,142.251.43.197,192.168.4.189,93
2026-05-13 10:03:41.463375092,16.268,192.168.4.189,142.251.43.197,93
2026-05-13 10:03:41.483686924,16.638,192.168.4.189,142.251.43.197,5067
2026-05-13 10:03:41.616935015,16.541,192.168.4.189,142.251.43.197,4905
2026-05-13 10:03:41.644639969,0.017,142.251.43.197,192.168.4.189,541
2026-05-13 10:03:41.647176981,0.01,142.251.43.197,192.168.4.189,93
2026-05-13 10:03:41.662816048,0.029,142.251.43.197,192.168.4.189,1466
2026-05-13 10:03:41.662930965,0.007,142.251.43.197,192.168.4.189,1466
2026-05-13 10:03:41.663079977,0.007,142.251.43.197,192.168.4.189,1466
2026-05-13 10:03:41.663223982,0.007,142.251.43.197,192.168.4.189,1466
2026-05-13 10:03:41.663326979,0.01,142.251.43.197,192.168.4.189,1466
2026-05-13 10:03:41.663440943,0.009000000000000001,142.251.43.197,192.168.4.189,1466
2026-05-13 10:03:41.663532972,0.01,142.251.43.197,192.168.4.189,1466
2026-05-13 10:03:41.663654089,0.007,142.251.43.197,192.168.4.189,1466
2026-05-13 10:03:41.663970947,0.030000000000000002,142.251.43.197,192.168.4.189,1466
2026-05-13 10:03:41.664153099,0.01,142.251.43.197,192.168.4.189,1466
2026-05-13 10:03:41.664295912,0.008,142.251.43.197,192.168.4.189,1466
2026-05-13 10:03:41.664453030,18.294,192.168.4.189,142.251.43.197,4524
2026-05-13 10:03:41.664469957,0.016,142.251.43.197,192.168.4.189,1466
2026-05-13 10:03:41.664637089,0.009000000000000001,142.251.43.197,192.168.4.189,1466
2026-05-13 10:03:41.664714098,0.005,142.251.43.197,192.168.4.189,1466
2026-05-13 10:03:41.664798021,0.005,142.251.43.197,192.168.4.189,1466
2026-05-13 10:03:41.664921999,0.005,142.251.43.197,192.168.4.189,1466
2026-05-13 10:03:41.665054083,0.01,142.251.43.197,192.168.4.189,1466
2026-05-13 10:03:41.665174961,0.028,142.251.43.197,192.168.4.189,1466
2026-05-13 10:03:41.665268898,18.006,192.168.4.189,142.251.43.197,93
2026-05-13 10:03:41.665334940,0.005,142.251.43.197,192.168.4.189,249
2026-05-13 10:03:41.672064066,16.957,192.168.4.189,142.251.43.197,5061
2026-05-13 10:03:41.676655054,21.506,192.168.4.189,142.251.43.197,291
2026-05-13 10:03:41.714616060,16.716,192.168.4.189,142.251.43.197,5898
2026-05-13 10:03:41.717686892,0.009000000000000001,142.251.43.197,192.168.4.189,1466
2026-05-13 10:03:41.717992067,0.008,142.251.43.197,192.168.4.189,1466
2026-05-13 10:03:41.718264103,0.008,142.251.43.197,192.168.4.189,1466
2026-05-13 10:03:41.718522072,0.009000000000000001,142.251.43.197,192.168.4.189,1466
2026-05-13 10:03:41.718785048,0.024,142.251.43.197,192.168.4.189,1466
2026-05-13 10:03:41.719086885,0.009000000000000001,142.251.43.197,192.168.4.189,1466
2026-05-13 10:03:41.719217062,0.004,142.251.43.197,192.168.4.189,1466
2026-05-13 10:03:41.719404936,0.004,142.251.43.197,192.168.4.189,1466
2026-05-13 10:03:41.719645023,0.004,142.251.43.197,192.168.4.189,1466
2026-05-13 10:03:41.719887018,0.006,142.251.43.197,192.168.4.189,1466
2026-05-13 10:03:41.720288038,0.003,142.251.43.197,192.168.4.189,1466
2026-05-13 10:03:41.720586061,0.003,142.251.43.197,192.168.4.189,1466
2026-05-13 10:03:41.720861912,0.023,142.251.43.197,192.168.4.189,1466
2026-05-13 10:03:41.721075058,0.003,142.251.43.197,192.168.4.189,1466
2026-05-13 10:03:41.721349001,0.004,142.251.43.197,192.168.4.189,1466
2026-05-13 10:03:41.721621037,0.003,142.251.43.197,192.168.4.189,1466
2026-05-13 10:03:41.721859932,0.002,142.251.43.197,192.168.4.189,1466
2026-05-13 10:03:41.724422932,0.026,142.251.43.197,192.168.4.189,1466
2026-05-13 10:03:41.724625111,0.004,142.251.43.197,192.168.4.189,1466
2026-05-13 10:03:41.724868059,0.003,142.251.43.197,192.168.4.189,1466
2026-05-13 10:03:41.725054026,0.003,142.251.43.197,192.168.4.189,1466
2026-05-13 10:03:41.726665974,0.002,142.251.43.197,192.168.4.189,1466
2026-05-13 10:03:41.726833105,0.004,142.251.43.197,192.168.4.189,1466
2026-05-13 10:03:41.726990938,0.058,142.251.43.197,192.168.4.189,1332
2026-05-13 10:03:41.751637936,24.646,192.168.4.189,142.251.43.197,93
2026-05-13 10:03:41.826673985,0.024,142.251.43.197,192.168.4.189,347
2026-05-13 10:03:41.829718113,0.007,142.251.43.197,192.168.4.189,93
2026-05-13 10:03:41.846010923,16.244,192.168.4.189,142.251.43.197,93
2026-05-13 10:03:41.944582939,0.01,142.251.43.197,192.168.4.189,128
2026-05-13 10:03:41.945141077,0.007,142.251.43.197,192.168.4.189,93
2026-05-13 10:03:41.965023994,19.555,192.168.4.189,142.251.43.197,93
2026-05-13 10:03:41.985306978,16.622999999999998,192.168.4.189,142.251.43.197,5029
2026-05-13 10:03:41.990855932,0.053,142.251.43.197,192.168.4.189,416
2026-05-13 10:03:41.992685080,0.007,142.251.43.197,192.168.4.189,93
2026-05-13 10:03:41.997987986,18.481,192.168.4.189,142.251.43.197,5982
2026-05-13 10:03:41.998289108,0.015000000000000001,142.251.43.197,192.168.4.189,161
2026-05-13 10:03:42.012583971,16.772,192.168.4.189,142.251.43.197,291
2026-05-13 10:03:42.051702976,21.554,192.168.4.189,142.251.43.197,5989
2026-05-13 10:03:42.057414055,0.025,142.251.43.197,192.168.4.189,1466
2026-05-13 10:03:42.057432890,0.003,142.251.43.197,192.168.4.189,93
2026-05-13 10:03:42.079005957,21.347,192.168.4.189,142.251.43.197,93
2026-05-13 10:03:42.181977987,0.020999999999999998,142.251.43.197,192.168.4.189,1466
2026-05-13 10:03:42.183408976,0.043000000000000003,142.251.43.197,192.168.4.189,1466
2026-05-13 10:03:42.183526039,0.01,142.251.43.197,192.168.4.189,922
2026-05-13 10:03:42.186517954,0.007,142.251.43.197,192.168.4.189,1466
2026-05-13 10:03:42.186630011,0.01,142.251.43.197,192.168.4.189,93
2026-05-13 10:03:42.203242064,16.240000000000002,192.168.4.189,142.251.43.197,93
2026-05-13 10:03:42.240804911,17.002,192.168.4.189,142.251.43.197,4553
2026-05-13 10:03:42.241816998,17.997,192.168.4.189,142.251.43.197,452
2026-05-13 10:03:42.339968920,0.008,142.251.43.197,192.168.4.189,1466
2026-05-13 10:03:42.340491056,0.014,142.251.43.197,192.168.4.189,93
2026-05-13 10:03:42.346364021,0.020999999999999998,142.251.43.197,192.168.4.189,473
2026-05-13 10:03:42.353261948,3.764,142.251.43.197,192.168.4.189,85
2026-05-13 10:03:42.357671022,16.667,192.168.4.189,142.251.43.197,93
2026-05-13 10:03:42.369965076,16.703,192.168.4.189,142.251.43.197,5052
2026-05-13 10:03:42.373913050,20.621000000000002,192.168.4.189,142.251.43.197,3065
2026-05-13 10:03:42.384743929,17.177,192.168.4.189,142.251.43.238,66
2026-05-13 10:03:42.384774923,0.030000000000000002,142.251.43.238,192.168.4.189,66
2026-05-13 10:03:42.403687000,18.589000000000002,192.168.4.189,142.251.43.238,1812
2026-05-13 10:03:42.415668964,16.733,192.168.4.189,142.251.43.197,6046
2026-05-13 10:03:42.420706987,0.025,142.251.43.238,192.168.4.189,1466
2026-05-13 10:03:42.420886993,0.006,142.251.43.238,192.168.4.189,1466
2026-05-13 10:03:42.421307087,0.305,142.251.43.238,192.168.4.189,983
2026-05-13 10:03:42.424721956,0.01,142.251.43.197,192.168.4.189,1466
2026-05-13 10:03:42.424844027,0.009000000000000001,142.251.43.197,192.168.4.189,1466
2026-05-13 10:03:42.425080061,0.003,142.251.43.197,192.168.4.189,1466
2026-05-13 10:03:42.425374031,0.005,142.251.43.197,192.168.4.189,1466
2026-05-13 10:03:42.425652981,0.02,142.251.43.197,192.168.4.189,1466
2026-05-13 10:03:42.425745010,0.01,142.251.43.197,192.168.4.189,93
2026-05-13 10:03:42.438076973,16.769,192.168.4.189,142.251.43.238,128
2026-05-13 10:03:42.449774027,23.973000000000003,192.168.4.189,142.251.43.197,93
2026-05-13 10:03:42.479953051,41.876,142.251.43.238,192.168.4.189,1016
2026-05-13 10:03:42.576728106,18.085,192.168.4.189,142.251.43.197,3369
2026-05-13 10:03:42.604562044,15.834000000000001,192.168.4.189,142.251.223.229,66
2026-05-13 10:03:42.604692936,0.12999999999999998,142.251.223.229,192.168.4.189,66
2026-05-13 10:03:42.622952938,17.91,192.168.4.189,142.251.223.229,2274
2026-05-13 10:03:42.648955107,0.028,142.251.223.229,192.168.4.189,1466
2026-05-13 10:03:42.649132013,0.025,142.251.223.229,192.168.4.189,1466
2026-05-13 10:03:42.650300026,1.106,142.251.223.229,192.168.4.189,985
2026-05-13 10:03:42.666996002,16.53,192.168.4.189,142.251.223.229,464
2026-05-13 10:03:42.667174101,0.178,142.251.223.229,192.168.4.189,1022
2026-05-13 10:03:42.687587023,20.412,192.168.4.189,142.251.223.229,85
2026-05-13 10:03:42.705248117,0.07100000000000001,142.251.43.197,192.168.4.189,385
2026-05-13 10:03:42.709101915,0.005,142.251.43.197,192.168.4.189,93
2026-05-13 10:03:42.716185093,42.304,142.251.223.229,192.168.4.189,85
2026-05-13 10:03:42.724272013,0.011,142.251.43.197,192.168.4.189,1052
2026-05-13 10:03:42.724771023,0.006,142.251.43.197,192.168.4.189,1466
2026-05-13 10:03:42.724877119,0.007,142.251.43.197,192.168.4.189,1466
2026-05-13 10:03:42.724994898,0.006,142.251.43.197,192.168.4.189,1466
2026-05-13 10:03:42.725502968,16.125,192.168.4.189,142.251.43.197,93
2026-05-13 10:03:42.725963116,0.008,142.251.43.197,192.168.4.189,1466
2026-05-13 10:03:42.726109982,0.007,142.251.43.197,192.168.4.189,1466
2026-05-13 10:03:42.726252079,0.01,142.251.43.197,192.168.4.189,93
2026-05-13 10:03:42.727807999,16.526,192.168.4.189,142.251.43.197,5055
2026-05-13 10:03:42.733468056,22.169999999999998,192.168.4.189,142.251.43.197,318
2026-05-13 10:03:42.742965937,16.317,192.168.4.189,142.251.43.197,93
2026-05-13 10:03:42.767652988,16.637,192.168.4.189,142.251.43.197,158
2026-05-13 10:03:42.767652988,16.659,192.168.4.189,142.251.43.197,4555
2026-05-13 10:03:42.826741934,0.007,142.251.43.197,192.168.4.189,270
2026-05-13 10:03:42.828584909,0.031,142.251.43.197,192.168.4.189,93
2026-05-13 10:03:42.845032930,16.127,192.168.4.189,142.251.43.197,93
2026-05-13 10:03:42.914038897,0.019,142.251.223.229,192.168.4.189,93
2026-05-13 10:03:42.930135965,15.949000000000002,192.168.4.189,142.251.223.229,66
2026-05-13 10:03:42.930135965,15.734000000000002,192.168.4.189,142.251.223.229,93
2026-05-13 10:03:42.930179119,0.043000000000000003,142.251.223.229,192.168.4.189,66
2026-05-13 10:03:42.946615934,16.046999999999997,192.168.4.189,142.251.223.229,2242
2026-05-13 10:03:42.970588923,0.022,142.251.223.229,192.168.4.189,1466
2026-05-13 10:03:42.970814943,0.006,142.251.223.229,192.168.4.189,1466
2026-05-13 10:03:42.971167088,0.283,142.251.223.229,192.168.4.189,987
2026-05-13 10:03:42.987343073,16.098000000000003,192.168.4.189,142.251.223.229,146
2026-05-13 10:03:42.987343073,15.952999999999998,192.168.4.189,142.251.223.229,2940
2026-05-13 10:03:42.987368107,0.025,142.251.223.229,192.168.4.189,1022
2026-05-13 10:03:42.988437891,17.033,192.168.4.189,142.251.223.229,305
2026-05-13 10:03:43.008327007,20.808,192.168.4.189,142.251.223.229,85
2026-05-13 10:03:43.030930996,42.493,142.251.223.229,192.168.4.189,85
2026-05-13 10:03:43.066076994,0.024,23.11.215.145,192.168.4.189,85
2026-05-13 10:03:43.083904028,0.024,142.251.43.197,192.168.4.189,326
2026-05-13 10:03:43.088114977,21.893,192.168.4.189,23.11.215.145,54
2026-05-13 10:03:43.088766098,0.022,142.251.43.197,192.168.4.189,93
2026-05-13 10:03:43.105323076,16.254,192.168.4.189,142.251.43.197,93
2026-05-13 10:03:43.124751091,33.528000000000006,192.168.4.189,142.251.43.197,318
2026-05-13 10:03:43.129652023,0.025,142.251.43.197,192.168.4.189,485
2026-05-13 10:03:43.133167028,0.019,142.251.43.197,192.168.4.189,243
2026-05-13 10:03:43.133533001,0.305,142.251.43.197,192.168.4.189,93
2026-05-13 10:03:43.154835939,21.302000000000003,192.168.4.189,142.251.43.197,93
2026-05-13 10:03:43.245861053,16.622,192.168.4.189,142.251.43.197,4553
2026-05-13 10:03:43.245861053,16.598000000000003,192.168.4.189,142.251.43.197,390
2026-05-13 10:03:43.269434929,0.02,142.251.223.229,192.168.4.189,93
2026-05-13 10:03:43.285866976,15.737999999999998,192.168.4.189,142.251.223.229,93
2026-05-13 10:03:43.292011023,15.952999999999998,192.168.4.189,142.251.223.229,2944
2026-05-13 10:03:43.292778015,16.691000000000003,192.168.4.189,142.251.223.229,13025
2026-05-13 10:03:43.457156897,0.022,142.251.43.197,192.168.4.189,473
2026-05-13 10:03:43.459662914,0.007,142.251.43.197,192.168.4.189,93
2026-05-13 10:03:43.476195097,16.409,192.168.4.189,142.251.43.197,93
2026-05-13 10:03:43.628117085,0.056,142.251.43.197,192.168.4.189,1466
2026-05-13 10:03:43.628582954,0.01,142.251.43.197,192.168.4.189,1441
2026-05-13 10:03:43.631194115,0.029,142.251.43.197,192.168.4.189,1466
2026-05-13 10:03:43.631458044,0.025,142.251.43.197,192.168.4.189,1466
2026-05-13 10:03:43.631623030,0.025,142.251.43.197,192.168.4.189,93
2026-05-13 10:03:43.648277998,16.104,192.168.4.189,142.251.43.197,93
2026-05-13 10:03:43.666068077,16.625999999999998,192.168.4.189,142.251.43.197,4554
2026-05-13 10:03:43.666068077,16.605999999999998,192.168.4.189,142.251.43.197,158
2026-05-13 10:03:43.930814981,16.586,192.168.4.189,142.251.43.197,5028
2026-05-13 10:03:44.046391964,0.022,142.251.43.197,192.168.4.189,130
2026-05-13 10:03:44.047679901,0.005,142.251.43.197,192.168.4.189,93
2026-05-13 10:03:44.064466952,16.424999999999997,192.168.4.189,142.251.43.197,93
2026-05-13 10:03:44.259496927,0.022,142.251.43.197,192.168.4.189,412
2026-05-13 10:03:44.264147043,0.005,142.251.43.197,192.168.4.189,93
2026-05-13 10:03:44.280870914,16.404,192.168.4.189,142.251.43.197,93
2026-05-13 10:03:44.557813883,18.07,192.168.4.189,104.26.6.194,66
2026-05-13 10:03:44.557846069,0.032,104.26.6.194,192.168.4.189,66
2026-05-13 10:03:44.566401958,51.598,192.168.4.189,74.125.130.188,55
2026-05-13 10:03:44.575901031,17.694000000000003,192.168.4.189,104.26.6.194,2021
2026-05-13 10:03:44.579744101,0.025,104.26.6.194,192.168.4.189,589
2026-05-13 10:03:44.598494053,17.212999999999997,192.168.4.189,104.26.6.194,482
2026-05-13 10:03:44.598670006,0.121,104.26.6.194,192.168.4.189,575
2026-05-13 10:03:44.650645018,17.229000000000003,192.168.4.189,142.250.77.142,66
2026-05-13 10:03:44.650676012,0.030000000000000002,142.250.77.142,192.168.4.189,66
2026-05-13 10:03:44.658164024,59.494,192.168.4.189,104.26.6.194,85
2026-05-13 10:03:44.668525934,17.520999999999997,192.168.4.189,142.250.77.142,1875
2026-05-13 10:03:44.671120882,0.064,104.26.6.194,192.168.4.189,85
2026-05-13 10:03:44.685529947,0.02,142.250.77.142,192.168.4.189,1466
2026-05-13 10:03:44.685758114,0.007,142.250.77.142,192.168.4.189,1466
2026-05-13 10:03:44.686113119,0.27999999999999997,142.250.77.142,192.168.4.189,982
2026-05-13 10:03:44.691278934,19.285,192.168.4.189,104.26.6.194,66
2026-05-13 10:03:44.691303968,0.025,104.26.6.194,192.168.4.189,66
2026-05-13 10:03:44.696224928,0.013,142.251.223.229,192.168.4.189,1466
2026-05-13 10:03:44.697099924,0.006,142.251.223.229,192.168.4.189,1466
2026-05-13 10:03:44.697894096,0.01,142.251.223.229,192.168.4.189,843
2026-05-13 10:03:44.703391075,17.277,192.168.4.189,142.250.77.142,128
2026-05-13 10:03:44.710551977,18.805,192.168.4.189,104.26.6.194,2053
2026-05-13 10:03:44.717098951,0.262,104.26.6.194,192.168.4.189,1429
2026-05-13 10:03:44.736521006,19.247,192.168.4.189,104.26.6.194,136
2026-05-13 10:03:44.736771107,0.16899999999999998,104.26.6.194,192.168.4.189,575
2026-05-13 10:03:44.749363899,45.972,142.250.77.142,192.168.4.189,1014
2026-05-13 10:03:44.761720896,0.008,142.251.223.229,192.168.4.189,1466
2026-05-13 10:03:44.762340069,0.023,142.251.223.229,192.168.4.189,1466
2026-05-13 10:03:44.763015032,0.005,142.251.223.229,192.168.4.189,1466
2026-05-13 10:03:44.763859987,0.008,142.251.223.229,192.168.4.189,1423
2026-05-13 10:03:44.775013924,38.242,192.168.4.189,104.26.6.194,85
2026-05-13 10:03:44.775038958,0.025,104.26.6.194,192.168.4.189,85
2026-05-13 10:03:44.795510054,0.02,142.251.223.229,192.168.4.189,1466
2026-05-13 10:03:44.796133041,0.024,142.251.223.229,192.168.4.189,908
2026-05-13 10:03:44.845942974,49.308,142.251.223.229,192.168.4.189,753
2026-05-13 10:03:44.908020020,0.029,142.251.223.229,192.168.4.189,1466
2026-05-13 10:03:44.908786058,0.025,142.251.223.229,192.168.4.189,1466
2026-05-13 10:03:44.909365892,0.007,142.251.223.229,192.168.4.189,1466
2026-05-13 10:03:44.932305098,16.566000000000003,192.168.4.189,142.251.43.197,362
2026-05-13 10:03:44.932305098,16.586,192.168.4.189,142.251.43.197,4557
2026-05-13 10:03:44.942003012,0.02,142.251.223.229,192.168.4.189,1466
2026-05-13 10:03:44.942564011,0.026,142.251.223.229,192.168.4.189,1466
2026-05-13 10:03:44.943348885,0.026,142.251.223.229,192.168.4.189,1299
2026-05-13 10:03:45.010893106,0.009000000000000001,142.251.223.229,192.168.4.189,1466
2026-05-13 10:03:45.011408091,0.007,142.251.223.229,192.168.4.189,1466
2026-05-13 10:03:45.012177944,0.009000000000000001,142.251.223.229,192.168.4.189,1466
2026-05-13 10:03:45.012862921,0.005,142.251.223.229,192.168.4.189,871
2026-05-13 10:03:45.027932882,0.006,142.251.223.229,192.168.4.189,1466
2026-05-13 10:03:45.082892895,54.571,142.251.223.229,192.168.4.189,1345
2026-05-13 10:03:45.162240982,0.022,142.251.223.229,192.168.4.189,1466
2026-05-13 10:03:45.162635088,0.008,142.251.223.229,192.168.4.189,1466
2026-05-13 10:03:45.163487911,0.020999999999999998,142.251.223.229,192.168.4.189,1466
2026-05-13 10:03:45.164324045,0.023,142.251.223.229,192.168.4.189,1082
2026-05-13 10:03:45.170078039,0.01,142.251.223.229,192.168.4.189,898
2026-05-13 10:03:45.178426027,0.008,142.251.223.229,192.168.4.189,1466
2026-05-13 10:03:45.178847075,0.009000000000000001,142.251.223.229,192.168.4.189,93
2026-05-13 10:03:45.194570065,15.365,192.168.4.189,142.251.223.229,93
2026-05-13 10:03:45.200361967,50.369,192.168.4.189,74.125.200.119,66
2026-05-13 10:03:45.200438023,0.076,74.125.200.119,192.168.4.189,66
2026-05-13 10:03:45.251687050,50.528999999999996,192.168.4.189,74.125.200.119,1839
2026-05-13 10:03:45.253695965,0.033,74.125.200.119,192.168.4.189,1466
2026-05-13 10:03:45.253911972,0.009000000000000001,74.125.200.119,192.168.4.189,216
2026-05-13 10:03:45.305202961,51.069,192.168.4.189,74.125.200.119,128
2026-05-13 10:03:45.349819899,44.616,74.125.200.119,192.168.4.189,1006
2026-05-13 10:03:45.374252081,0.02,142.251.43.197,192.168.4.189,1466
2026-05-13 10:03:45.374495029,0.185,142.251.43.197,192.168.4.189,1466
2026-05-13 10:03:45.374526978,0.009000000000000001,142.251.43.197,192.168.4.189,1466
2026-05-13 10:03:45.374628067,0.008,142.251.43.197,192.168.4.189,1466
2026-05-13 10:03:45.374741077,0.009000000000000001,142.251.43.197,192.168.4.189,399
2026-05-13 10:03:45.380728006,0.014,142.251.43.197,192.168.4.189,1466
2026-05-13 10:03:45.380819082,0.008,142.251.43.197,192.168.4.189,1466
2026-05-13 10:03:45.380935907,0.008,142.251.43.197,192.168.4.189,1466
2026-05-13 10:03:45.381043911,0.007,142.251.43.197,192.168.4.189,1466
2026-05-13 10:03:45.381189108,0.025,142.251.43.197,192.168.4.189,1466
2026-05-13 10:03:45.381313086,0.012,142.251.43.197,192.168.4.189,93
2026-05-13 10:03:45.390641928,16.146,192.168.4.189,142.251.43.197,89
2026-05-13 10:03:45.397849083,16.206000000000003,192.168.4.189,142.251.43.197,93
2026-05-13 10:03:45.486995935,16.607,192.168.4.189,142.251.43.197,4555
2026-05-13 10:03:45.486995935,16.580000000000002,192.168.4.189,142.251.43.197,158
2026-05-13 10:03:45.819828033,16.637,192.168.4.189,142.251.43.197,4538
2026-05-13 10:03:45.834404945,0.02,142.251.43.197,192.168.4.189,1466
2026-05-13 10:03:45.834741116,0.01,142.251.43.197,192.168.4.189,1466
2026-05-13 10:03:45.834808111,0.020999999999999998,142.251.43.197,192.168.4.189,445
2026-05-13 10:03:45.836776972,0.007,142.251.43.197,192.168.4.189,1466
2026-05-13 10:03:45.837316990,0.011,142.251.43.197,192.168.4.189,93
2026-05-13 10:03:45.858762980,20.962,192.168.4.189,142.251.43.197,93
2026-05-13 10:03:45.942169905,16.615000000000002,192.168.4.189,142.251.43.197,4556
2026-05-13 10:03:45.942169905,16.593,192.168.4.189,142.251.43.197,362
2026-05-13 10:03:46.119106054,0.012,142.251.43.197,192.168.4.189,1466
2026-05-13 10:03:46.119421959,0.031,142.251.43.197,192.168.4.189,783
2026-05-13 10:03:46.120697021,0.030000000000000002,142.251.43.197,192.168.4.189,1466
2026-05-13 10:03:46.120949030,0.008,142.251.43.197,192.168.4.189,1466
2026-05-13 10:03:46.121191025,0.01,142.251.43.197,192.168.4.189,923
2026-05-13 10:03:46.121361017,0.009000000000000001,142.251.43.197,192.168.4.189,1466
2026-05-13 10:03:46.121514082,0.008,142.251.43.197,192.168.4.189,300
2026-05-13 10:03:46.123908043,0.020999999999999998,142.251.43.197,192.168.4.189,1466
2026-05-13 10:03:46.124278069,0.008,142.251.43.197,192.168.4.189,1466
2026-05-13 10:03:46.124492884,0.007,142.251.43.197,192.168.4.189,1466
2026-05-13 10:03:46.126017094,0.043000000000000003,142.251.43.197,192.168.4.189,1466
2026-05-13 10:03:46.126095057,0.005,142.251.43.197,192.168.4.189,1466
2026-05-13 10:03:46.126399039,0.008,142.251.43.197,192.168.4.189,1466
2026-05-13 10:03:46.126672982,0.007,142.251.43.197,192.168.4.189,1466
2026-05-13 10:03:46.126758099,0.006,142.251.43.197,192.168.4.189,458
2026-05-13 10:03:46.127108097,0.006,142.251.43.197,192.168.4.189,93
2026-05-13 10:03:46.143500090,16.108,192.168.4.189,142.251.43.197,93
2026-05-13 10:03:46.311340094,0.156,172.64.148.235,192.168.4.189,78
2026-05-13 10:03:46.328094959,16.754,192.168.4.189,172.64.148.235,82
2026-05-13 10:03:46.435148001,0.02,142.251.43.197,192.168.4.189,1466
2026-05-13 10:03:46.435239077,0.005,142.251.43.197,192.168.4.189,1466
2026-05-13 10:03:46.435631990,0.011,142.251.43.197,192.168.4.189,583
2026-05-13 10:03:46.441128016,0.025,142.251.43.197,192.168.4.189,795
2026-05-13 10:03:46.442519903,0.026,142.251.43.197,192.168.4.189,705
2026-05-13 10:03:46.458378077,0.022,142.251.43.197,192.168.4.189,1466
2026-05-13 10:03:46.458475113,0.008,142.251.43.197,192.168.4.189,1466
2026-05-13 10:03:46.466325998,0.022,142.251.43.197,192.168.4.189,93
2026-05-13 10:03:46.483242035,16.417,192.168.4.189,142.251.43.197,93
2026-05-13 10:03:46.498924971,16.612,192.168.4.189,142.251.43.197,158
2026-05-13 10:03:46.498924971,16.633,192.168.4.189,142.251.43.197,4556
2026-05-13 10:03:46.865627050,0.014,142.251.43.197,192.168.4.189,1466
2026-05-13 10:03:46.865734100,0.01,142.251.43.197,192.168.4.189,93
2026-05-13 10:03:46.882383108,16.226999999999997,192.168.4.189,142.251.43.197,93
2026-05-13 10:03:46.943826914,16.802999999999997,192.168.4.189,142.251.43.197,4558
2026-05-13 10:03:46.943826914,16.775000000000002,192.168.4.189,142.251.43.197,362
2026-05-13 10:03:47.178980112,16.42,192.168.4.189,142.251.152.119,66
2026-05-13 10:03:47.179008961,0.028,142.251.152.119,192.168.4.189,66
2026-05-13 10:03:47.196297884,16.926,192.168.4.189,142.251.152.119,1778
2026-05-13 10:03:47.213783026,0.030000000000000002,142.251.152.119,192.168.4.189,1466
2026-05-13 10:03:47.214817047,0.973,142.251.152.119,192.168.4.189,1309
2026-05-13 10:03:47.236731052,21.913999999999998,192.168.4.189,142.251.152.119,128
2026-05-13 10:03:47.401418924,0.128,142.251.43.197,192.168.4.189,1164
2026-05-13 10:03:47.414799929,0.082,142.251.43.197,192.168.4.189,522
2026-05-13 10:03:47.418400049,0.038,142.251.43.197,192.168.4.189,772
2026-05-13 10:03:47.451759100,0.030000000000000002,142.251.43.197,192.168.4.189,924
2026-05-13 10:03:47.467119932,0.023,142.251.43.197,192.168.4.189,105
2026-05-13 10:03:47.481070042,0.06999999999999999,142.251.43.197,192.168.4.189,93
2026-05-13 10:03:47.498296022,16.391,192.168.4.189,142.251.43.197,93
2026-05-13 10:03:47.515069962,16.583000000000002,192.168.4.189,142.251.43.197,4552
2026-05-13 10:03:47.515069962,16.563000000000002,192.168.4.189,142.251.43.197,158
2026-05-13 10:03:47.897823095,0.025,142.251.43.197,192.168.4.189,93
2026-05-13 10:03:47.919425011,20.462,192.168.4.189,142.251.43.197,93
2026-05-13 10:03:47.954993010,350.85699999999997,192.168.4.189,172.217.130.234,66
2026-05-13 10:03:47.955040932,0.047,172.217.130.234,192.168.4.189,66
2026-05-13 10:03:47.965977907,361.739,192.168.4.189,172.217.130.234,66
2026-05-13 10:03:47.966017962,0.04,172.217.130.234,192.168.4.189,66
2026-05-13 10:03:48.192795038,22.565,192.168.4.189,142.250.205.99,66
2026-05-13 10:03:48.192838907,0.043000000000000003,142.250.205.99,192.168.4.189,66
2026-05-13 10:03:48.215758085,22.540999999999997,192.168.4.189,142.250.205.99,1812
2026-05-13 10:03:48.241698027,0.025,142.250.205.99,192.168.4.189,1466
2026-05-13 10:03:48.242052078,0.28400000000000003,142.250.205.99,192.168.4.189,1346
2026-05-13 10:03:48.253484011,0.013,172.217.130.234,192.168.4.189,66
2026-05-13 10:03:48.269996881,77.41199999999999,192.168.4.189,74.125.130.132,66
2026-05-13 10:03:48.270073891,0.077,74.125.130.132,192.168.4.189,66
2026-05-13 10:03:48.270592928,28.54,192.168.4.189,142.250.205.99,128
2026-05-13 10:03:48.286009073,0.077,172.217.130.234,192.168.4.189,66
2026-05-13 10:03:48.316188097,360.78700000000003,192.168.4.189,172.217.130.234,1893
2026-05-13 10:03:48.316276073,0.087,172.217.130.234,192.168.4.189,454
2026-05-13 10:03:48.317620039,351.088,192.168.4.189,172.217.130.234,1797
2026-05-13 10:03:48.318378925,0.008,172.217.130.234,192.168.4.189,1462
2026-05-13 10:03:48.331613064,61.028,192.168.4.189,74.125.130.132,1841
2026-05-13 10:03:48.331691027,0.077,172.217.130.234,192.168.4.189,453
2026-05-13 10:03:48.331895113,0.28200000000000003,74.125.130.132,192.168.4.189,1466
2026-05-13 10:03:48.336112976,0.034999999999999996,74.125.130.132,192.168.4.189,915
2026-05-13 10:03:48.395226002,58.717,192.168.4.189,74.125.130.132,128
2026-05-13 10:03:48.444546938,49.32,74.125.130.132,192.168.4.189,1010
2026-05-13 10:03:48.667449951,33.714,192.168.4.189,142.250.205.142,66
2026-05-13 10:03:48.667481899,0.031,142.250.205.142,192.168.4.189,66
2026-05-13 10:03:48.677467108,360.646,192.168.4.189,172.217.130.234,118
2026-05-13 10:03:48.688277006,356.20099999999996,192.168.4.189,172.217.130.234,118
2026-05-13 10:03:48.695379019,27.374,192.168.4.189,142.250.205.142,1848
2026-05-13 10:03:48.707986116,0.058,142.250.205.142,192.168.4.189,1466
2026-05-13 10:03:48.721230984,0.025,142.250.205.142,192.168.4.189,986
2026-05-13 10:03:48.753106117,31.447999999999997,192.168.4.189,142.250.205.142,128
2026-05-13 10:03:48.795630932,42.524,142.250.205.142,192.168.4.189,1024
2026-05-13 10:03:48.941119909,16.570999999999998,192.168.4.189,142.251.43.197,4557
2026-05-13 10:03:48.941119909,16.532,192.168.4.189,142.251.43.197,394
2026-05-13 10:03:49.457444906,0.020999999999999998,142.251.43.197,192.168.4.189,1466
2026-05-13 10:03:49.457653046,0.009000000000000001,142.251.43.197,192.168.4.189,1466
2026-05-13 10:03:49.457736015,0.011,142.251.43.197,192.168.4.189,93
2026-05-13 10:03:49.474291086,16.132,192.168.4.189,142.251.43.197,93
2026-05-13 10:03:49.495429039,16.587999999999997,192.168.4.189,142.251.43.197,4553
2026-05-13 10:03:49.495429039,16.526,192.168.4.189,142.251.43.197,158
2026-05-13 10:03:49.846432924,0.011,142.251.43.197,192.168.4.189,1466
2026-05-13 10:03:49.846607924,0.006,142.251.43.197,192.168.4.189,93
2026-05-13 10:03:49.863230944,16.285,192.168.4.189,142.251.43.197,93
2026-05-13 10:03:50.214512110,260.098,192.168.4.189,20.42.73.30,55
2026-05-13 10:03:50.932240963,17.840000000000003,192.168.4.189,142.251.43.197,4557
2026-05-13 10:03:50.932306051,17.886,192.168.4.189,142.251.43.197,362
2026-05-13 10:03:51.379009962,0.025,142.251.43.197,192.168.4.189,1466
2026-05-13 10:03:51.379072905,0.003,142.251.43.197,192.168.4.189,1466
2026-05-13 10:03:51.379156113,0.006,142.251.43.197,192.168.4.189,380
2026-05-13 10:03:51.381490946,0.01,142.251.43.197,192.168.4.189,1466
2026-05-13 10:03:51.384491920,0.048,142.251.43.197,192.168.4.189,1392
2026-05-13 10:03:51.390866995,0.02,142.251.43.197,192.168.4.189,1466
2026-05-13 10:03:51.390949011,0.004,142.251.43.197,192.168.4.189,1466
2026-05-13 10:03:51.391014099,0.007,142.251.43.197,192.168.4.189,347
2026-05-13 10:03:51.396486044,17.432,192.168.4.189,142.251.43.197,89
2026-05-13 10:03:51.398066998,0.005,142.251.43.197,192.168.4.189,1466
2026-05-13 10:03:51.399791956,0.006,142.251.43.197,192.168.4.189,494
2026-05-13 10:03:51.402581930,0.005,142.251.43.197,192.168.4.189,1466
2026-05-13 10:03:51.402863979,0.007,142.251.43.197,192.168.4.189,1448
2026-05-13 10:03:51.405447960,0.005,142.251.43.197,192.168.4.189,1466
2026-05-13 10:03:51.407422066,0.031,142.251.43.197,192.168.4.189,1466
2026-05-13 10:03:51.407488108,0.006,142.251.43.197,192.168.4.189,172
2026-05-13 10:03:51.411279917,0.01,142.251.43.197,192.168.4.189,93
2026-05-13 10:03:51.442673922,31.099999999999998,192.168.4.189,142.251.43.197,93
2026-05-13 10:03:51.447916031,18.625,192.168.4.189,142.251.43.197,4555
2026-05-13 10:03:51.447916031,18.607,192.168.4.189,142.251.43.197,158
2026-05-13 10:03:51.823827982,0.015000000000000001,142.251.43.197,192.168.4.189,1466
2026-05-13 10:03:51.824151993,0.01,142.251.43.197,192.168.4.189,288
2026-05-13 10:03:51.827553988,0.004,142.251.43.197,192.168.4.189,1466
2026-05-13 10:03:51.827836990,0.004,142.251.43.197,192.168.4.189,1466
2026-05-13 10:03:51.827969074,0.009000000000000001,142.251.43.197,192.168.4.189,733
2026-05-13 10:03:51.829363108,0.023,142.251.43.197,192.168.4.189,93
2026-05-13 10:03:51.846126080,16.144,192.168.4.189,142.251.43.197,93
2026-05-13 10:03:51.909503937,18.365,192.168.4.189,142.250.207.78,66
2026-05-13 10:03:51.909554958,0.051,142.250.207.78,192.168.4.189,66
2026-05-13 10:03:51.928922892,18.84,192.168.4.189,142.250.207.78,1831
2026-05-13 10:03:51.936404943,16.602999999999998,192.168.4.189,142.251.43.197,4554
2026-05-13 10:03:51.936404943,16.584999999999997,192.168.4.189,142.251.43.197,362
2026-05-13 10:03:51.946187019,0.020999999999999998,142.250.207.78,192.168.4.189,1466
2026-05-13 10:03:51.946280003,0.005,142.250.207.78,192.168.4.189,1466
2026-05-13 10:03:51.946672916,0.326,142.250.207.78,192.168.4.189,1002
2026-05-13 10:03:51.965384007,18.711,192.168.4.189,142.250.207.78,128
2026-05-13 10:03:52.019728899,54.344,142.250.207.78,192.168.4.189,1054
2026-05-13 10:03:52.371304035,0.020999999999999998,142.251.43.197,192.168.4.189,1466
2026-05-13 10:03:52.371560097,0.012,142.251.43.197,192.168.4.189,974
2026-05-13 10:03:52.375822067,0.036000000000000004,142.251.43.197,192.168.4.189,1466
2026-05-13 10:03:52.376120090,0.030000000000000002,142.251.43.197,192.168.4.189,1016
2026-05-13 10:03:52.380482912,0.01,142.251.43.197,192.168.4.189,1466
2026-05-13 10:03:52.385518074,0.008,142.251.43.197,192.168.4.189,1466
2026-05-13 10:03:52.390378952,0.01,142.251.43.197,192.168.4.189,1466
2026-05-13 10:03:52.390502930,0.008,142.251.43.197,192.168.4.189,523
2026-05-13 10:03:52.400557041,0.009000000000000001,142.251.43.197,192.168.4.189,1466
2026-05-13 10:03:52.400801897,0.006,142.251.43.197,192.168.4.189,1466
2026-05-13 10:03:52.404700041,0.041,142.251.43.197,192.168.4.189,1466
2026-05-13 10:03:52.404865980,0.007,142.251.43.197,192.168.4.189,562
2026-05-13 10:03:52.418616056,0.009000000000000001,142.251.43.197,192.168.4.189,1466
2026-05-13 10:03:52.418890953,0.006,142.251.43.197,192.168.4.189,1466
2026-05-13 10:03:52.419024944,0.01,142.251.43.197,192.168.4.189,93
2026-05-13 10:03:52.435451984,16.038,192.168.4.189,142.251.43.197,93
2026-05-13 10:03:52.454152107,16.551,192.168.4.189,142.251.43.197,4555
2026-05-13 10:03:52.454152107,16.532,192.168.4.189,142.251.43.197,158
2026-05-13 10:03:52.899179935,0.020999999999999998,142.251.43.197,192.168.4.189,1466
2026-05-13 10:03:52.899406910,0.008,142.251.43.197,192.168.4.189,1466
2026-05-13 10:03:52.899674892,0.006,142.251.43.197,192.168.4.189,1466
2026-05-13 10:03:52.899945021,0.009000000000000001,142.251.43.197,192.168.4.189,1466
2026-05-13 10:03:52.900192022,0.01,142.251.43.197,192.168.4.189,1466
2026-05-13 10:03:52.900434971,0.007,142.251.43.197,192.168.4.189,1466
2026-05-13 10:03:52.900702000,0.004,142.251.43.197,192.168.4.189,1466
2026-05-13 10:03:52.900938988,0.001,142.251.43.197,192.168.4.189,1466
2026-05-13 10:03:52.901177883,0.002,142.251.43.197,192.168.4.189,1466
2026-05-13 10:03:52.901475906,0.022,142.251.43.197,192.168.4.189,1466
2026-05-13 10:03:52.901696920,0.003,142.251.43.197,192.168.4.189,1466
2026-05-13 10:03:52.901942015,0.008,142.251.43.197,192.168.4.189,586
2026-05-13 10:03:52.918549061,16.246,192.168.4.189,142.251.43.197,93
2026-05-13 10:03:52.937287092,16.597,192.168.4.189,142.251.43.197,4870
2026-05-13 10:03:52.961738110,16.662,192.168.4.189,142.251.43.197,4881
2026-05-13 10:03:53.296446085,0.044,142.251.43.197,192.168.4.189,93
2026-05-13 10:03:53.314088106,16.334,192.168.4.189,142.251.43.197,93
2026-05-13 10:03:53.394035101,0.01,142.251.43.197,192.168.4.189,1466
2026-05-13 10:03:53.394423962,0.01,142.251.43.197,192.168.4.189,1466
2026-05-13 10:03:53.394541979,0.007,142.251.43.197,192.168.4.189,1466
2026-05-13 10:03:53.394925117,0.007,142.251.43.197,192.168.4.189,1466
2026-05-13 10:03:53.395072937,0.028,142.251.43.197,192.168.4.189,1466
2026-05-13 10:03:53.395262957,0.048,142.251.43.197,192.168.4.189,608
2026-05-13 10:03:53.395598888,0.005,142.251.43.197,192.168.4.189,1466
2026-05-13 10:03:53.395719051,0.008,142.251.43.197,192.168.4.189,1466
2026-05-13 10:03:53.396040916,0.005,142.251.43.197,192.168.4.189,299
2026-05-13 10:03:53.396121979,0.002,142.251.43.197,192.168.4.189,1466
2026-05-13 10:03:53.396369934,0.002,142.251.43.197,192.168.4.189,1466
2026-05-13 10:03:53.396646976,0.004,142.251.43.197,192.168.4.189,1466
2026-05-13 10:03:53.396882057,0.004,142.251.43.197,192.168.4.189,1466
2026-05-13 10:03:53.397217989,0.004,142.251.43.197,192.168.4.189,1466
2026-05-13 10:03:53.397456884,0.003,142.251.43.197,192.168.4.189,1466
2026-05-13 10:03:53.397793055,0.003,142.251.43.197,192.168.4.189,1466
2026-05-13 10:03:53.398056030,0.025,142.251.43.197,192.168.4.189,1466
2026-05-13 10:03:53.398283958,0.005,142.251.43.197,192.168.4.189,637
2026-05-13 10:03:53.450303078,0.005,142.251.43.197,192.168.4.189,1466
2026-05-13 10:03:53.450949907,0.007,142.251.43.197,192.168.4.189,1466
2026-05-13 10:03:53.451066971,0.009000000000000001,142.251.43.197,192.168.4.189,1466
2026-05-13 10:03:53.451562881,0.007,142.251.43.197,192.168.4.189,1466
2026-05-13 10:03:53.451850891,0.008,142.251.43.197,192.168.4.189,327
2026-05-13 10:03:53.451953888,0.01,142.251.43.197,192.168.4.189,1394
2026-05-13 10:03:53.452869892,0.005,142.251.43.197,192.168.4.189,1466
2026-05-13 10:03:53.453114986,0.006,142.251.43.197,192.168.4.189,1003
2026-05-13 10:03:53.454133034,0.020999999999999998,142.251.43.197,192.168.4.189,1466
2026-05-13 10:03:53.454396009,0.004,142.251.43.197,192.168.4.189,1466
2026-05-13 10:03:53.454638004,0.005,142.251.43.197,192.168.4.189,773
2026-05-13 10:03:53.454735041,0.004,142.251.43.197,192.168.4.189,1466
2026-05-13 10:03:53.454979897,0.003,142.251.43.197,192.168.4.189,1466
2026-05-13 10:03:53.455291986,0.005,142.251.43.197,192.168.4.189,967
2026-05-13 10:03:53.455823898,0.391,142.251.43.197,192.168.4.189,93
2026-05-13 10:03:53.471996069,16.172,192.168.4.189,142.251.43.197,93
2026-05-13 10:03:53.484488964,16.608,192.168.4.189,142.251.43.197,4961
2026-05-13 10:03:53.484488964,16.581,192.168.4.189,142.251.43.197,93
2026-05-13 10:03:53.485747099,16.669,192.168.4.189,142.251.43.197,4854
2026-05-13 10:03:53.799053907,0.008,142.251.43.197,192.168.4.189,1466
2026-05-13 10:03:53.799278021,0.003,142.251.43.197,192.168.4.189,1466
2026-05-13 10:03:53.799518108,0.004,142.251.43.197,192.168.4.189,1466
2026-05-13 10:03:53.799757004,0.004,142.251.43.197,192.168.4.189,1466
2026-05-13 10:03:53.799885988,0.005,142.251.43.197,192.168.4.189,354
2026-05-13 10:03:53.802129984,0.004,142.251.43.197,192.168.4.189,1466
2026-05-13 10:03:53.802370071,0.004,142.251.43.197,192.168.4.189,1466
2026-05-13 10:03:53.802613020,0.005,142.251.43.197,192.168.4.189,93
2026-05-13 10:03:53.819113016,16.205000000000002,192.168.4.189,142.251.43.197,93
2026-05-13 10:03:53.850239992,16.494000000000003,192.168.4.189,142.251.43.197,3950
2026-05-13 10:03:53.861466885,0.06499999999999999,142.251.43.197,192.168.4.189,1466
2026-05-13 10:03:53.861589909,0.02,142.251.43.197,192.168.4.189,594
2026-05-13 10:03:53.861838102,0.014,142.251.43.197,192.168.4.189,93
2026-05-13 10:03:53.883694887,20.898,192.168.4.189,142.251.43.197,93
2026-05-13 10:03:54.178344011,0.025,142.251.43.197,192.168.4.189,369
2026-05-13 10:03:54.183434010,0.013,142.251.43.197,192.168.4.189,253
2026-05-13 10:03:54.184068918,0.504,142.251.43.197,192.168.4.189,93
2026-05-13 10:03:54.200376987,16.308,192.168.4.189,142.251.43.197,93
2026-05-13 10:03:54.263704062,16.54,192.168.4.189,142.251.43.197,3396
2026-05-13 10:03:54.264276981,0.145,142.251.43.197,192.168.4.189,144
2026-05-13 10:03:54.285784006,21.506999999999998,192.168.4.189,142.251.43.197,93
2026-05-13 10:03:57.541043043,18.737000000000002,192.168.4.189,104.26.6.194,134
2026-05-13 10:03:57.541043043,18.72,192.168.4.189,104.26.6.194,93
2026-05-13 10:03:57.573286057,0.018000000000000002,104.26.6.194,192.168.4.189,85
2026-05-13 10:03:57.592858076,18.866999999999997,192.168.4.189,104.26.6.194,136
2026-05-13 10:03:57.631122112,57.221000000000004,192.168.4.189,104.26.6.194,89
2026-05-13 10:03:57.640399933,0.016,104.26.6.194,192.168.4.189,85
2026-05-13 10:03:57.700408936,59.525,192.168.4.189,104.26.6.194,89
2026-05-13 10:03:58.862514019,17.175,192.168.4.189,216.239.34.157,66
2026-05-13 10:03:58.862550020,0.036000000000000004,216.239.34.157,192.168.4.189,66
2026-05-13 10:03:58.880862951,17.176000000000002,192.168.4.189,216.239.34.157,1848
2026-05-13 10:03:58.915615082,0.027,216.239.34.157,192.168.4.189,192
2026-05-13 10:03:58.934950113,17.987,192.168.4.189,216.239.34.157,251
2026-05-13 10:03:58.969125986,0.014,216.239.34.157,192.168.4.189,98
2026-05-13 10:03:58.971249104,0.007,216.239.34.157,192.168.4.189,114
2026-05-13 10:03:58.971987009,0.006,216.239.34.157,192.168.4.189,98
2026-05-13 10:03:58.988193035,16.86,192.168.4.189,216.239.34.157,89
2026-05-13 10:03:58.999655008,24.638,192.168.4.189,216.239.34.157,66
2026-05-13 10:03:58.999685049,0.030000000000000002,216.239.34.157,192.168.4.189,66
2026-05-13 10:03:59.034143925,34.132999999999996,192.168.4.189,216.239.34.157,1880
2026-05-13 10:03:59.043061018,0.005,216.239.34.157,192.168.4.189,1466
2026-05-13 10:03:59.043303013,0.005,216.239.34.157,192.168.4.189,192
2026-05-13 10:03:59.066726922,22.267,192.168.4.189,216.239.34.157,246
2026-05-13 10:03:59.105210066,0.025,216.239.34.157,192.168.4.189,120
2026-05-13 10:03:59.126981974,21.465999999999998,192.168.4.189,216.239.34.157,89
2026-05-13 10:03:59.133739948,27.854,192.168.4.189,216.239.34.157,54
2026-05-13 10:03:59.153281927,18.450999999999997,192.168.4.189,104.26.6.194,198
2026-05-13 10:03:59.153301954,18.447000000000003,192.168.4.189,104.26.6.194,362
2026-05-13 10:03:59.192751884,0.048,104.26.6.194,192.168.4.189,85
2026-05-13 10:04:02.757553101,0.7240000000000001,192.168.4.189,192.168.200.216,66
2026-05-13 10:04:02.757591963,0.038,192.168.200.216,192.168.4.189,66
2026-05-13 10:04:02.758740902,0.844,192.168.4.189,192.168.200.216,1870
2026-05-13 10:04:02.759485960,0.004,192.168.200.216,192.168.4.189,1003
2026-05-13 10:04:02.761445045,0.622,192.168.4.189,192.168.200.216,118
2026-05-13 10:04:02.761470079,0.025,192.168.200.216,192.168.4.189,133
2026-05-13 10:04:02.774532080,17.903,192.168.4.189,142.251.152.119,54
2026-05-13 10:04:02.778966904,22.372,192.168.4.189,142.250.205.99,54
2026-05-13 10:04:02.831007957,0.735,192.168.4.189,192.168.200.216,66
2026-05-13 10:04:02.831031084,0.023,192.168.200.216,192.168.4.189,66
2026-05-13 10:04:02.833040953,1.157,192.168.4.189,192.168.200.216,1853
2026-05-13 10:04:02.833678961,0.206,192.168.200.216,192.168.4.189,298
2026-05-13 10:04:02.834336996,0.6579999999999999,192.168.4.189,192.168.200.216,118
2026-05-13 10:04:02.883920908,49.583000000000006,192.168.200.216,192.168.4.189,133
2026-05-13 10:04:02.897114038,29.785,192.168.4.189,192.168.200.216,776
2026-05-13 10:04:02.897139072,0.025,192.168.200.216,192.168.4.189,1514
2026-05-13 10:04:02.897233963,0.006,192.168.200.216,192.168.4.189,1514
2026-05-13 10:04:02.897377968,0.011,192.168.200.216,192.168.4.189,968
2026-05-13 10:04:02.897634983,0.01,192.168.200.216,192.168.4.189,1514
2026-05-13 10:04:02.897871971,0.007,192.168.200.216,192.168.4.189,1514
2026-05-13 10:04:02.898132086,0.009000000000000001,192.168.200.216,192.168.4.189,1514
2026-05-13 10:04:02.898386955,0.007,192.168.200.216,192.168.4.189,1514
2026-05-13 10:04:02.898643970,0.004,192.168.200.216,192.168.4.189,1514
2026-05-13 10:04:02.898891926,0.003,192.168.200.216,192.168.4.189,1514
2026-05-13 10:04:02.899154902,0.019,192.168.200.216,192.168.4.189,1514
2026-05-13 10:04:02.899384022,0.003,192.168.200.216,192.168.4.189,1514
2026-05-13 10:04:02.899636030,0.004,192.168.200.216,192.168.4.189,1514
2026-05-13 10:04:02.899879932,0.005,192.168.200.216,192.168.4.189,1514
2026-05-13 10:04:02.900124073,0.003,192.168.200.216,192.168.4.189,1514
2026-05-13 10:04:02.900213957,0.006,192.168.200.216,192.168.4.189,123
2026-05-13 10:04:03.033657074,16.148,192.168.4.189,172.64.155.209,55
2026-05-13 10:04:03.583038092,57.687000000000005,192.168.4.189,104.26.6.194,66
2026-05-13 10:04:03.583072901,0.034,104.26.6.194,192.168.4.189,66
2026-05-13 10:04:03.640856981,57.417,192.168.4.189,104.26.6.194,1782
2026-05-13 10:04:03.645051003,0.014,104.26.6.194,192.168.4.189,589
2026-05-13 10:04:03.702966928,57.317,192.168.4.189,104.26.6.194,476
2026-05-13 10:04:03.703290939,0.27,104.26.6.194,192.168.4.189,575
2026-05-13 10:04:03.751172066,0.067,104.26.6.194,192.168.4.189,85
2026-05-13 10:04:03.769115925,17.174,192.168.4.189,104.26.6.194,66
2026-05-13 10:04:03.769148111,0.032,104.26.6.194,192.168.4.189,66
2026-05-13 10:04:03.786611080,17.162,192.168.4.189,104.26.6.194,1846
2026-05-13 10:04:03.790662050,0.012,104.26.6.194,192.168.4.189,590
2026-05-13 10:04:03.801615000,98.324,192.168.4.189,104.26.6.194,85
2026-05-13 10:04:03.807961941,16.954,192.168.4.189,104.26.6.194,146
2026-05-13 10:04:03.808099985,0.12300000000000001,104.26.6.194,192.168.4.189,575
2026-05-13 10:04:03.808962107,17.854,192.168.4.189,104.26.6.194,114
2026-05-13 10:04:03.864953041,56.853,192.168.4.189,104.26.6.194,85
2026-05-13 10:04:04.061847925,0.027,104.26.6.194,192.168.4.189,85
2026-05-13 10:04:04.529145002,2.3930000000000002,192.168.4.189,192.168.200.216,722
2026-05-13 10:04:04.549146891,20.001,192.168.200.216,192.168.4.189,526
2026-05-13 10:04:04.584131956,34.985,192.168.4.189,192.168.200.216,678
2026-05-13 10:04:04.584220886,0.008,192.168.200.216,192.168.4.189,1514
2026-05-13 10:04:04.584470034,0.005,192.168.200.216,192.168.4.189,1514
2026-05-13 10:04:04.584661007,0.008,192.168.200.216,192.168.4.189,968
2026-05-13 10:04:04.584919930,0.005,192.168.200.216,192.168.4.189,1514
2026-05-13 10:04:04.585227966,0.007,192.168.200.216,192.168.4.189,1514
2026-05-13 10:04:04.585372925,0.012,192.168.200.216,192.168.4.189,1514
2026-05-13 10:04:04.585597992,0.005,192.168.200.216,192.168.4.189,1514
2026-05-13 10:04:04.585834026,0.009000000000000001,192.168.200.216,192.168.4.189,1514
2026-05-13 10:04:04.586091042,0.008,192.168.200.216,192.168.4.189,1514
2026-05-13 10:04:04.586328030,0.005,192.168.200.216,192.168.4.189,1514
2026-05-13 10:04:04.586579084,0.004,192.168.200.216,192.168.4.189,1514
2026-05-13 10:04:04.586994886,0.008,192.168.200.216,192.168.4.189,1514
2026-05-13 10:04:04.959116936,272.45399999999995,192.168.4.189,162.125.40.2,2242
2026-05-13 10:04:05.002762079,43.645,162.125.40.2,192.168.4.189,1359
2026-05-13 10:04:06.313317060,0.152,172.64.148.235,192.168.4.189,78
2026-05-13 10:04:06.329979897,16.662,192.168.4.189,172.64.148.235,82
2026-05-13 10:04:07.931086063,60.05,192.168.4.189,13.107.253.58,55
2026-05-13 10:04:13.408617973,16.68,192.168.4.189,172.64.148.235,144
2026-05-13 10:04:13.443759918,15.309,192.168.4.189,142.251.223.10,66
2026-05-13 10:04:13.443845034,0.085,142.251.223.10,192.168.4.189,66
2026-05-13 10:04:13.459414005,15.233,192.168.4.189,142.251.223.10,1852
2026-05-13 10:04:13.480534077,0.012,142.251.223.10,192.168.4.189,1466
2026-05-13 10:04:13.480597019,0.006,142.251.223.10,192.168.4.189,286
2026-05-13 10:04:13.496594906,15.665999999999999,192.168.4.189,142.251.223.10,144
2026-05-13 10:04:13.544173002,47.578,142.251.223.10,192.168.4.189,1064
2026-05-13 10:04:13.562127113,47.508,172.64.148.235,192.168.4.189,134
2026-05-13 10:04:14.116152048,16.716,192.168.4.189,172.64.148.235,144
2026-05-13 10:04:14.278414965,55.309,172.64.148.235,192.168.4.189,134
